naver_id,name,category,tag,address
1409207151,04판 대학로점,술집,요리주점,서울 종로구 대명1길 21
396944356,15번출구,술집,"맥주,호프",서울 종로구 수표로20길 34 1층
35162889,18번가가요리믹스,술집,"맥주,호프",서울 종로구 청계천로 71 계원빌딩
1061035467,72420 종로점,식사,베트남음식,서울 종로구 율곡로8길 97 1층
1245369400,BAR CHAM,술집,바(BAR),서울 종로구 자하문로7길 34
1595562255,Bar Ray 바레이,술집,바(BAR),서울 종로구 종로7길 29-19 1층
1621482506,bar420,술집,와인,서울 종로구 종로16길 31-6
19931763,Cafe Samiru,카페,카페,서울 종로구 평창32길 30
12165843,CGV 대학로,놀거리,영화관,서울 종로구 대명길 28 대학로CGV
37332955,CGV 피카디리1958,놀거리,영화관,서울 종로구 돈화문로5가길 1 피카디리플러스
1421957949,EOD PUB&LOUNGE 종각점,술집,"맥주,호프",서울 종로구 삼봉로 95 대성스카이렉스 1층 EOD
1455646329,Floor For Fiction,술집,바(BAR),서울 종로구 북촌로5가길 3 아원공방 3층
1007103754,HIDE AND SEEK 쌈지길점,놀거리,방탈출카페,서울 종로구 인사동길 44 쌈지길 B2층
37534783,JCC아트센터,놀거리,공연장,서울 종로구 창경궁로35길 29
38274835,JH텍사스바,술집,"맥주,호프",서울 중구 무교로 32 효령빌딩 1층
35489439,JW메리어트동대문스퀘어서울 더 그리핀,술집,바(BAR),서울 종로구 청계천로 279 11층
19866844,mk2,카페,카페,서울 종로구 자하문로10길 17
1273359555,STAND BY ME,술집,바(BAR),서울 종로구 자하문로13길 4-7 지층
1458782939,UNFUSSY,술집,바(BAR),서울 종로구 경희궁2길 10 지하
1819354062,VIP당구클럽,놀거리,당구장,서울 종로구 종로 252
1869501783,w 당구클럽,놀거리,당구장,서울 종로구 수표로 86-1
1313576451,가가,술집,와인,서울 종로구 계동길 5 가가
20848410,가든타워당구장,놀거리,당구장,서울 종로구 율곡로 84 종로소방서옆 가든타워 지하1층
17904480,가봉루,식사,중식당,서울 종로구 세종대로23길 3 2층 가봉루
1823444442,각 서울,술집,바(BAR),서울 종로구 삼일대로15길 1 지하1층
268542013,간판없는가게,식사,양식,서울 종로구 돈화문로11다길 36 1층 간판없는가게
20315029,갓덴스시 종로점,식사,"초밥,롤",서울 종로구 종로12길 14 1F
1093264260,갓포우오 종각점,술집,이자카야,서울 종로구 우정국로2길 21 2층
1854089051,갸우뚱,식사,중식당,서울 종로구 대학로9길 25
1934140768,거북슈퍼,술집,"맥주,호프",서울 종로구 돈화문로11길 34
1983288140,거처,카페,"카페,디저트",서울 종로구 율곡로8길 63 1층 103호
1084312804,결,카페,"카페,디저트",서울 종로구 공평동 17
38237826,경성상회,술집,이자카야,서울 종로구 자하문로1길 13-1
1581871973,경성주막1929 경복궁역점,술집,이자카야,서울 종로구 자하문로 3 2층
33068253,계림,식사,닭볶음탕,서울 종로구 돈화문로4길 39
1009294529,계향각,식사,중식당,서울 종로구 동숭길 86 1층
1773040934,고기하다,술집,"육류,고기요리",서울 종로구 대학로 133-5 고기하다
1283974234,고량주관,식사,중식당,서울 종로구 청계천로 77-3 고량주관(한옥건물)
21074680,고엔,술집,이자카야,서울 종로구 창경궁로 255 1층
32848728,고창집,술집,한식,서울 종로구 돈화문로11가길 7
1302169952,고치비,식사,이탈리아음식,서울 종로구 필운대로 38 1층 고치비
1560991978,고쿠텐 대학로점,식사,일식당,서울 종로구 대학로11길 34 고쿠텐 대학로점
1463431077,공간,술집,바(BAR),서울 종로구 율곡로3길 66-4 1층 바 공간
1119168687,공기식당,식사,카레,서울 종로구 필운대로6길 20-1 1층
1271410390,과학 방탈출,놀거리,방탈출카페,서울 종로구 삼청로10길 18 과학책방 갈다
1465829197,광경,술집,바(BAR),서울 종로구 새문안로5가길 11 2층 201호
1877970199,광안리,술집,생선회,서울 종로구 수표로 92 1층
19411645,광주집,술집,돼지고기구이,서울 종로구 돈화문로11나길 3
1630963512,구룡관 혜화본점,술집,요리주점,서울 종로구 창경궁로 258-5
13094470,구슬모아당구클럽,놀거리,당구장,서울 종로구 종로 207 금원빌딩
1316316443,구주 종로점,술집,이자카야,서울 종로구 삼일대로17길 40 1층
1226650433,궤도,카페,"카페,디저트",서울 종로구 필운대로 9-2 3층
1148392169,규카츠정 대학로점,식사,일식당,서울 종로구 대명1길 16-13 1층
1565130742,그라운드제로 혜화점,술집,요리주점,서울 종로구 대학로8가길 80 1층 그라운드제로 혜화점
37915696,그레인바운더리 종로3가점,카페,베이커리,서울 종로구 삼일대로 388-12 1층 카페 그레인바운더리
1537441528,그림제작소 혜화점,카페,테마카페,서울 종로구 창경궁로 234 3층 그림제작소
1754035019,금별맥주 종로점,술집,"맥주,호프",서울 종로구 종로12길 18 지상1~2층
35966112,금보포차,술집,"해물,생선요리",서울 종로구 종로8길 13 2층
52399707,금용문,식사,중식당,서울 종로구 새문안로5가길 7 세종클럽 2층
37127034,기와탭룸,술집,"맥주,호프",서울 종로구 율곡로1길 74-7 1층
1040579116,까몬 광화문점,식사,베트남음식,서울 종로구 새문안로3길 12 1층 까몬 광화문점
12765748,깔리,식사,인도음식,서울 종로구 대학로11길 43 명륜4가 171번지 2층
37677326,깜온,식사,베트남음식,서울 종로구 자하문로2길 18 지하1층
32239409,꼬꼬방,술집,"맥주,호프",서울 종로구 종로24길 3
11723442,꽃피는산골,술집,요리주점,서울 종로구 종로11길 17
1395723427,꾸아 대학로점,식사,베트남음식,서울 종로구 대학로 135 2층
1534553623,끄티집 종로점,술집,요리주점,서울 종로구 삼일대로19길 20 1~4층
1287736396,나래함박 대학로점,식사,일식당,서울 종로구 대학로9길 31-3 1층
1082491061,나르,술집,요리주점,서울 종로구 대명1길 20 2층
33431802,나무사이로,카페,"카페,디저트",서울 종로구 사직로8길 21 카페 나무사이로
1801465711,나인티나인,놀거리,볼링장,서울 종로구 대학로 144 4층 나인티나인
1351234414,나침반,술집,요리주점,서울 종로구 종로44길 83 1층
18677057,낙산공원전시관,놀거리,전시관,서울 종로구 낙산길 54
1436370812,낙원당구클럽,놀거리,당구장,서울 종로구 돈화문로11길 30
1758378925,낙원역,카페,카페,서울 종로구 수표로28길 33-5
1495370212,낙원장,카페,카페,서울 종로구 수표로28길 25
11889745,남도식당,식사,중식당,서울 종로구 종로 374-1
1399629348,낭만블루 대학로점,술집,요리주점,서울 종로구 대학로8가길 93
1257377749,내자살롱,술집,요리주점,서울 종로구 사직로12길 22
1889006720,냐항in안국,식사,베트남음식,서울 종로구 윤보선길 34-1 1층
412011201,녁,식사,양식,서울 종로구 우정국로2길 8 4층 녁 (초록색 그라데이션 간판)
1459185957,노가리슈퍼 종로5가점,술집,"맥주,호프",서울 종로구 종로31가길 3 1층
1413505523,노다지포차,술집,포장마차,서울 종로구 돈화문로11길 21
35831942,노들집,술집,"육류,고기요리",서울 종로구 돈화문로11다길 14
1229793109,노티드 안국,카페,카페,서울 종로구 북촌로 6-3 1층
1253758780,놀숲 종로관철점,놀거리,만화방,서울 종로구 삼일대로17길 8 대신빌딩 3층
1050019380,누이트,술집,와인,"서울 종로구 돈화문로11나길 26-4 1, 2층"
37770441,누하의 숲,식사,일식당,서울 종로구 필운대로 31-1 1F
20289951,뉴문,식사,중식당,서울 종로구 경희궁2길 6 지상2층
21728194,니로사레스토랑,식사,인도음식,서울 종로구 동숭길 43
1170377014,니르바나,식사,인도음식,서울 종로구 인사동길 58 2층
1824499606,다락,술집,요리주점,서울 종로구 낙산성곽서길 87 1층
1016058328,다올 서순라길점,술집,요리주점,서울 종로구 서순라길 71 2층 다올 종로3가점
21283623,다움223.1,식사,양식,서울 종로구 자하문로 223-1 1층
36992330,닥터로빈 광화문점,식사,이탈리아음식,서울 종로구 종로3길 17 D-타워 5층
1159737702,단골손님 대학로점,술집,요리주점,서울 종로구 대학로12길 10 1층
1766757236,달로 혜화대학로점,술집,요리주점,서울 종로구 성균관로 15-10 1층
1035582460,달리181 광화문점,식사,양식,서울 종로구 종로5길 13 B1층
1967078079,달막달막,술집,요리주점,서울 종로구 인사동16길 11-1
20724809,달빛마루,술집,요리주점,서울 종로구 대학로11길 24-1
1249127256,달콤한잔,술집,바(BAR),서울 종로구 대학로14길 18-3 1층 달콤한잔
1313184140,담장옆에국화꽃 안녕인사동점,카페,"카페,디저트",서울 종로구 인사동길 49 안녕인사동 2층
1498124999,당구사랑클럽,놀거리,당구장,서울 종로구 성균관로 12 5층
1742885537,대륙,식사,중식당,"서울 종로구 종로 125 1, 2층"
1807145304,대빵오락실 대학로점,놀거리,오락실,"서울 종로구 대명길 24 1, 2층"
1141249007,대성성,식사,베트남음식,서울 종로구 율곡로10길 25-3 1층(권농동)
1288498213,대학로고래,식사,일식당,서울 종로구 대학로11길 46 1층
1765265960,대학로극장 쿼드,놀거리,공연장,서울 종로구 동숭길 122 서울문화재단 대학로센터 B2
38419373,대학로실내포차,술집,술집,서울 종로구 창경궁로 258-9
20288007,대학로에 취하다,술집,"맥주,호프",서울 종로구 대학로10길 15-11 1층
20955308,대학로올래홀,놀거리,공연장,서울 종로구 대학로10길 24
317404170,대학로자유극장,놀거리,"공연,연극시설",서울 종로구 대학로12길 31
1482076077,대홍샤브샤브 창신점,식사,중식당,서울 종로구 종로 303 2층
1250488411,더 멜란지 서순라길점,식사,양식,서울 종로구 돈화문로 60 1층 더멜란지
1811388034,더 키친 일뽀르노 광화문점,식사,이탈리아음식,서울 종로구 율곡로2길 7 써머셋팰리스 1층
37420979,더 키친750,식사,이탈리아음식,서울 종로구 대학로8가길 80 2층
166361834,더 피아노,카페,카페,서울 종로구 평창6길 71
1712440513,더그라운드,놀거리,전시관,서울 종로구 자하문로12길 10-15
1809526295,더랜치브루잉 을지로3가점,술집,"맥주,호프",서울 중구 을지로12길 11 시어소호텔 1층 더랜치브루잉
1521499982,더레퍼런스,놀거리,전시관,서울 종로구 자하문로24길 44
1453529456,더마샬라 디타워점,식사,인도음식,서울 종로구 종로3길 17 3층 더마샬라
1602048207,더숲 초소책방,카페,카페,서울 종로구 인왕산로 172
13414292,더연Shisha카페&Bar,술집,바(BAR),서울 종로구 종로 74 영안빌딩 5층
37429906,더큐이스케이프 대학로점,놀거리,방탈출카페,서울 종로구 대학로12길 15 2층
1725342915,더키친아시아 대학로점,식사,인도음식,"서울 종로구 대명길 27 2층, 3층"
1530712476,더테이블 청진탭룸,술집,"맥주,호프",서울 종로구 종로5길 32-8 1층
1175095587,덕후선생 광화문디타워점,식사,중식당,서울 종로구 종로3길 17 D타워 4층
491249986,덤앤더머 방탈출카페,놀거리,방탈출카페,서울 종로구 동숭길 143 로얄케스트 지하
34431003,뎁짜이 대학로점,식사,베트남음식,서울 종로구 대학로11길 41-4 1층
84496278,도깨비당구장,놀거리,당구장,서울 종로구 종로5길 32-5 삼선빌딩5층
17967915,도도야,식사,일식당,서울 종로구 동숭길 39
1735918248,도리안그레이,술집,바(BAR),서울 종로구 대학로11길 27 지하1층
1557353265,도마 유즈라멘,식사,한식,서울 종로구 북촌로2길 14 유즈라멘
494627193,도마 인사동점,식사,"백반,가정식",서울 종로구 인사동8길 6-1 1층 도마
1511779624,도취,식사,한식,서울 종로구 옥인길 23-6 서촌마을 제지하층 101호
1616321691,도취 하녹식당,식사,한정식,서울 종로구 사직로9가길 12 1층 도취 하녹식당
1198045151,도토리가든 안국점,카페,"카페,디저트",서울 종로구 계동길 19-8 1층
1677615804,도토리브라더스,식사,일식당,서울 종로구 경희궁길 41 1층 도토리브라더스
1642594575,도토리편백집 대학로점,식사,돼지고기구이,"서울 종로구 창경궁로34길 26 1층, 2층 도토리편백집"
1145452704,도틀,카페,"카페,디저트",서울 종로구 필운대로 25-2 1층
1723838264,돌담,술집,"맥주,호프",서울 종로구 서순라길 71 1층
38281149,동감,술집,이자카야,서울 종로구 사직로8길 24
1441506046,동강주막호프,술집,"맥주,호프",서울 종로구 지봉로7길 1
37263421,동대문허파집,술집,한식,서울 종로구 종로17길 26
1612889716,동래복국 종로 본점,식사,복어요리,서울 종로구 종로 291
1525575912,동묘마케트,술집,와인,서울 종로구 종로54길 17-10 1층
1822847822,동묘문 동묘,식사,중식당,서울 종로구 종로52길 43-9 1층
1387480043,동백양과점 익선점,카페,"카페,디저트",서울 종로구 수표로28길 17-24
13513342,동아볼링센타,놀거리,볼링장,서울 종로구 종로 413 동보빌딩
19412999,동해남부선 종로점,술집,"해물,생선요리",서울 종로구 돈화문로11길 21
1748576662,동해루,식사,중식당,서울 종로구 종로26길 18
1669566053,동화,술집,요리주점,서울 종로구 대명1길 16-6 2층 동화
817646998,두레유,식사,한식,"서울 종로구 평창문화로 84 2,3층"
11873695,두르가 광화문점,식사,인도음식,서울 종로구 종로 19 르메이에르종로타운1 B1
13344156,두산갤러리,놀거리,전시관,서울 종로구 종로33길 15 두산아트센터 1층 두산갤러리
13412903,두산아트센터,놀거리,공연장,서울 종로구 종로33길 15
1631382577,드림라이크커피,카페,카페,서울 종로구 무교로 39 1층
1404049793,디셈버,술집,바(BAR),서울 종로구 사직로 119-4
1010940645,디퍼카페테리아,카페,"카페,디저트",서울 종로구 자하문로7길 29 1층 디퍼카페테리아
1614154375,떡상 인사동,술집,요리주점,서울 종로구 인사동14길 43 1층 떡상
32892163,똥고집,술집,요리주점,서울 종로구 대학로12길 92 석천빌딩 2층
1197502786,라거스팟 광장시장,술집,"맥주,호프",서울 종로구 동호로 401-1 1층 라거스팟
1222837676,라그라스,술집,와인,서울 종로구 옥인길 15 1층 라그라스
31424368,라그릴리아 광화문점,식사,이탈리아음식,"서울 종로구 청계천로 11 (서린동 149,청계11빌딩) 2층"
1559391564,라라라서프 서촌먹태,술집,"맥주,호프",서울 종로구 자하문로1길 9 1F
1455176415,라라맥주,술집,"맥주,호프",서울 종로구 창경궁로34길 24-6 1층 라라맥주
1464592641,라온아트홀,놀거리,공연장,서울 종로구 대학로10길 11
1886374319,라우드 플레이리스트,술집,이자카야,서울 종로구 수표로20길 17
1374464699,라운지볼,놀거리,볼링장,"서울 종로구 성균관로 12 (명륜2가, 유니지오) 지하1층"
632648241,라익선,술집,와인,서울 종로구 돈화문로11가길 31 1층
1238813543,라커스,술집,"맥주,호프",서울 종로구 삼일대로 390-1
1251447969,라쿠엔,술집,이자카야,서울 종로구 삼일대로 440 1층
13576778,라크슌,술집,이자카야,서울 종로구 청계천로 97-6
1744196889,라프레플루트 서촌,카페,"카페,디저트","서울 종로구 필운대로 53-30 1, 2층"
38520712,란저우우육면,식사,중식당,서울 종로구 창의문로 138 1층
1384585234,랑데자뷰 대학로점,카페,"카페,디저트",서울 종로구 창경궁로34길 18-5 1층
1466975947,런던베이글뮤지엄 안국점,카페,베이커리,서울 종로구 북촌로4길 20
1727492792,레스피레,카페,베이커리,서울 종로구 효자로13길 40-7 레스피레
52930363,로쿠지,술집,이자카야,서울 종로구 자하문로5가길 24 1층
19558548,록키 넘버원,술집,바(BAR),서울 종로구 삼일대로17길 43 2F
1012981668,루나소사이어티,술집,요리주점,서울 종로구 삼일대로32길 49-5 1층
1744097298,루뽀,식사,양식,서울 종로구 새문안로5길 31 센터포인트 빌딩 2층
1852195097,루트 서울,술집,와인,서울 종로구 사직로12길 19-5
1780811704,률,술집,바(BAR),서울 종로구 북촌로5길 45 2층
1163514727,리얼샷,놀거리,사격장,서울 종로구 종로12길 10 3층
1988780624,리얼샷,놀거리,사격장,서울 종로구 수표로28길 17-5 1층
1776854424,리얼샷 실전사격양궁장,놀거리,사격장,서울 종로구 대학로12길 13 2층
1150273610,리얼샷 플러스,놀거리,사격장,서울 종로구 대명길 41 지하1층
1107316321,리춘시장 대학로CGV점,술집,요리주점,서울 종로구 대학로 143 1층
32238898,리킨치킨 낙원점,술집,"치킨,닭강정",서울 종로구 종로17길 52
1747158250,리파인 을지로명동점,술집,요리주점,서울 종로구 청계천로 67 2층 리파인 명동을지로점
38576076,링크아트센터드림,놀거리,공연장,서울 종로구 동숭길 123 링크아트센터드림
1020349707,마가리,술집,와인,서울 종로구 대학로 52 1층 MAGARI
1311692633,마그넷,술집,요리주점,"서울 종로구 사직로12길 19-12 1층, 2층"
1299095472,마띠에르 bakery & roastery,카페,"카페,디저트",서울 종로구 대학로11길 41-6 1층
1584751662,마바,술집,바(BAR),서울 종로구 율곡로 112 1층 마바
1170438440,마스타하이볼 대학로점,술집,이자카야,서울 종로구 대학로10길 11 2층
1628174262,마이클바이해비치 종로,식사,양식,서울 종로구 우정국로 26 센트로폴리스 B동 2층
17917562,만리장성,식사,중식당,서울 종로구 우정국로 42-2
13492518,만선호프 노가리체인본점,술집,"맥주,호프",서울 중구 을지로13길 19
1218563705,맘스키친,식사,일식당,서울 종로구 창의문로 146
21111963,맛있는극장,놀거리,공연장,서울 종로구 혜화로 4 지하1층
1939854857,매니비니,카페,"카페,디저트",서울 종로구 율곡로10길 24 1층 매니비니
33586500,맥덕스,술집,"맥주,호프",서울 종로구 성균관로 25-9 2층
1946473141,맥썸 대학로점,술집,"맥주,호프",서울 종로구 대명길 9 2층
20103854,머노까머나 대학로점,식사,인도음식,서울 종로구 창경궁로 236 이화빌딩 2층
1079143859,머쉬룸서울,술집,요리주점,서울 종로구 대명길 42 2층
1273177276,메리그린,카페,"카페,디저트","서울 종로구 대학로11길 49 2층,3층"
31751937,메밀향그집,식사,한식,서울 종로구 대학로11길 18
36734851,멜팅샵X치즈룸 광화문디타워점,식사,이탈리아음식,서울 종로구 종로3길 17 광화문 D타워 replace 4층
1951818854,명란식당,식사,한식,서울 종로구 자하문로5길 22 1층
798812718,명륜포차,술집,포장마차,서울 종로구 대학로 135-3 1층
1838141891,모던샤브하우스 광화문D타워점,식사,샤브샤브,서울 종로구 종로3길 17 D타워 리플레이스 광화문 5층
1085108917,모로미 종각역점,술집,이자카야,서울 종로구 삼봉로 94 2층 204호
1713401260,모토이시 종각점,식사,"육류,고기요리","서울 종로구 삼일대로17길 44 1, 2층"
1861277455,목음당,카페,카페,서울 종로구 창덕궁1가길 7 목음당
1061240251,몰림,술집,"맥주,호프",서울 종로구 사직로10길 5 몰림
1733475379,몽롱 종각점,술집,요리주점,서울 종로구 삼일대로17길 42-1 1~4층 몽롱
13399101,몽중헌 안국점,식사,중식당,서울 종로구 북촌로 31-22
1358846917,몽핀,카페,베이커리,서울 종로구 자하문로 307 석파랑신관 주차장으로 진입 지하3층 몽핀베이커리
38007612,무림만화카페,놀거리,만화방,서울 종로구 삼일대로19길 15 5층 무림만화카페
1852369921,무제,술집,요리주점,서울 종로구 충신길 5-1 1층
1968886163,무지개호프,술집,"맥주,호프",서울 종로구 창신길 12
1180841237,무탄 광화문점,식사,중식당,서울 종로구 새문안로 68 흥국생명빌딩 지하 1층
1961737336,문문,술집,와인,서울 종로구 종로63다길 2 1층 1호
13537864,뮌헨호프,술집,"맥주,호프",서울 중구 을지로14길 30 1층
1438671950,뮤지컬펍 커튼콜,술집,"맥주,호프",서울 종로구 대학로12길 22 아트포레스트 2층
1063364661,뮤직컴플렉스서울 안녕인사동점,카페,"카페,디저트",서울 종로구 인사동길 49 안녕인사동 5층 뮤직컴플렉스서울
1964193013,뮤추얼사운드클럽,술집,바(BAR),서울 종로구 자하문로 23 3층
12811371,미갈매기살,술집,"육류,고기요리",서울 종로구 돈화문로11가길 7
1264295690,미도갈비,식사,"육류,고기요리",서울 종로구 삼일대로15길 25 1층
1747236582,미도인 대학로,식사,양식,서울 종로구 대학로9길 32 1층 미도인
408557767,미분당 대학로점,식사,베트남음식,서울 종로구 창경궁로 234
36321482,미술관,술집,바(BAR),서울 종로구 창경궁로29길 38 1층
1308206067,미스타교자 혜화점,술집,이자카야,서울 종로구 창경궁로 247 1층
37673536,민들레처럼,술집,요리주점,서울 종로구 대학로 132 에비씨마트건물 5 층
1199006449,밀림,식사,태국음식,서울 종로구 창신6나길 17-6
1144266126,밀토스트 익선점,카페,"카페,디저트",서울 종로구 수표로28길 30-3 1층 밀토스트
1377345799,밀회관 대학로점,술집,"맥주,호프",서울 종로구 대명길 22 2층
37917409,밍고네식탁,식사,이탈리아음식,서울 종로구 자하문로7길 29
1792686583,바논,술집,바(BAR),서울 종로구 새문안로3길 30 복합동 지하1층 119호 엘리베이터 우측 정면
1832643958,바비따 서대문역점,식사,양식,서울 종로구 경교장길 35 경희궁자이 상가동 3단지 1층 6호
479487132,바비레드 종로점,식사,이탈리아음식,서울 종로구 종로 51 종로타워 지하 2층
13493819,박가네 빈대떡,식사,"전,빈대떡",서울 종로구 종로32길 7
37450428,박순례 손말이고기 산정집 광화문점,식사,소고기구이,서울 종로구 새문안로5가길 3-10 선덕빌딩 2층
1337452676,반기다,식사,퓨전음식,서울 종로구 익선동 166-52
1051747215,반디,술집,요리주점,서울 종로구 율곡로8길 45 1층
1772840730,반반호프,술집,요리주점,서울 종로구 돈화문로11길 10
1820042497,반수우안,식사,베트남음식,서울 종로구 대학로8가길 79 2층
31197772,반쥴,카페,카페,서울 종로구 삼일대로17길 23 3층
417452260,반쿤콴 비케이케이,식사,태국음식,서울 종로구 종로10길 20 3층
1452239516,반포식스 광화문점,식사,베트남음식,서울 종로구 새문안로9길 9 2층
35523757,반포식스 종로5가점,식사,베트남음식,서울 종로구 창경궁로 120 종로 플레이스빌딩 1층
1167594054,밥도사술도사,술집,한식,서울 종로구 종로17길 46 1층
1431553022,방이옥 종로관철점,식사,"육류,고기요리",서울 종로구 우정국로2길 32 2층
1100081031,배수사,술집,이자카야,서울 종로구 돈화문로11가길 47 1층
1817887648,백년가짬뽕 광화문점,식사,중식당,서울 종로구 종로1길 42 이마빌딩 지하1층 백년가짬뽕
11601095,백부장집 닭한마리,식사,"칼국수,만두",서울 종로구 삼봉로 100-1
1087317637,벌툰 인더스트리얼 대학로점,놀거리,만화방,서울 종로구 대학로10길 26
1964085842,벌툰 인더스트리얼 종각점,놀거리,만화방,서울 종로구 종로14길 9 / 3층 벌툰 만화카페
1479113549,벚꽃길부엌,술집,종합분식,서울 종로구 필운대로 29
1949418442,베란다,카페,"카페,디저트",서울 종로구 사직로10길 9-4
11592733,베이징코야,식사,중식당,서울 종로구 율곡로2길 25 연합뉴스 빌딩 지하 1층
1136049424,베트남쌀국수PhoHang,식사,베트남음식,서울 종로구 종로 309-3
1378943140,보글하우스,술집,"맥주,호프",서울 종로구 삼일대로32길 44 1층 101호
1975804552,보드게임 101,놀거리,보드카페,서울 종로구 새문안로3길 23 경희궁의아침4단지 B2 107호
1806183610,보드게임카페 레드버튼 대학로점,놀거리,보드카페,서울 종로구 대명길 9 4층
1592321846,보드게임카페 레드버튼 종로점,놀거리,보드카페,서울 종로구 삼일대로19길 15 3층 301호
1987435465,보드게임카페 주사위왕국,놀거리,보드카페,서울 종로구 우정국로2길 42 5층 주사위왕국
1995394645,보드게임카페 홈즈앤루팡 종로점,놀거리,보드카페,"서울 종로구 돈화문로11길 41 3층 301, 302호"
38667685,보리마루 탭하우스,술집,"맥주,호프",서울 종로구 자하문로2길 20 2층
1305398652,복호포차,술집,술집,서울 종로구 돈화문로11길 30 1층 복호포차
820059446,봉심식당,식사,양식,서울 종로구 대학로11길 38-23 지하 1층
487146615,부부식당,식사,한식,서울 종로구 동숭길 43 2층 부부식당
35272285,부빙,카페,빙수,서울 종로구 창의문로 136 부빙
19882640,부암동 카페 스탐티쉬,카페,카페,서울 종로구 백석동길 1 1층 카페스탐티쉬
36428555,부촌육회 본점,식사,"육류,고기요리",서울 종로구 종로 200-12
1393475011,북촌도담,식사,한식,서울 종로구 북촌로1길 9
1996807742,브릿지파노라마,카페,카페,서울 종로구 수표로18가길 23 1~2층
36727769,브알라 Cafe 대학로,카페,아이스크림,서울 종로구 대학로12길 21 예스24 스테이지 1층 브알라
1709717088,블란서미술관,카페,테마카페,서울 종로구 삼일대로32길 49-9 블란서미술관
1219296929,블루보틀 광화문 카페,카페,블루보틀,서울 종로구 청계천로 11 1층
1942921803,블루보틀 삼청 카페,카페,블루보틀,서울 종로구 북촌로5길 76
1979828507,비건카페 달냥,카페,카페,서울 종로구 혜화로 45 2층 비건카페 달냥
1255163945,비노이,술집,와인,서울 종로구 삼일대로19길 6 5층 비노이 wine&food
1625220556,비밀의화원 대학로점,놀거리,방탈출카페,서울 종로구 대학로 130 지하 1층
1798307935,비밀의화원 시네마틱 혜화점,놀거리,방탈출카페,서울 종로구 대명길 9 지하2층
1840457055,비스트로주라 혜화점,식사,양식,서울 종로구 동숭길 50 1층
1006105238,비어있는 삶,술집,"맥주,호프",서울 종로구 율곡로 82 702호
37663526,비트포비아 대학로,놀거리,방탈출카페,서울 종로구 대학로10길 12 5층
1121786072,빅토리아베이커리 서촌,카페,베이커리,서울 종로구 효자로7길 12-2 1층
608052515,빅파이브 종로점,술집,요리주점,"서울 종로구 수표로 115 2, 3층"
310755957,빠리가옥,식사,프랑스음식,서울 종로구 수표로28길 33-4
1488058730,뼈탄집,식사,"육류,고기요리",서울 종로구 자하문로1길 13
1256453010,뽐,술집,바(BAR),서울 종로구 자하문로9길 15 1층 서촌애벌레 건물
32857141,쁘띠통,카페,베이커리,서울 종로구 자하문로6길 11-9 쁘띠통
1375236052,사바하,술집,바(BAR),서울 종로구 필운대로 9-2 2층
32770060,사이공,식사,아시아음식,서울 종로구 종로 19 르메이에르종로타운1
1203679539,사직로 서울,술집,한식,서울 종로구 사직로 127-14 2층
1338747321,사직터널 그집,술집,요리주점,서울 종로구 사직로 49-12 한옥 1층
1287578932,사토루,술집,이자카야,서울 종로구 율곡로4길 72
1195869561,사토루 더 서촌,식사,일식당,서울 종로구 자하문로7길 11
1454706717,산동,식사,중식당,서울 종로구 새문안로 83 2층
12781756,산모퉁이,카페,카페,서울 종로구 백석동길 153
1965814333,살라댕 방콕,식사,태국음식,서울 종로구 돈화문로11다길 40
1266673496,살롱순라 서순라길점,식사,양식,서울 종로구 율곡로10길 75 살롱순라
31403119,삼겹살전문점대통령 본점,식사,"육류,고기요리",서울 종로구 대학로14길 12-1
1205011820,삼경일 대학로 본점,식사,샤브샤브,서울 종로구 창경궁로34길 22
1312753888,삼덕통닭 혜화점,술집,"치킨,닭강정",서울 종로구 대학로8가길 26 1층
1299242192,삼봉 당구장,놀거리,당구장,"서울 종로구 삼봉로 81 지하1층 119, 131호"
1266378488,삼성당구클럽,놀거리,당구장,서울 종로구 수표로 125 3층
1835804810,삼세영,놀거리,전시관,서울 종로구 평창44길 2
17976968,삼원샏,카페,"카페,디저트",서울 종로구 대학로11길 9-3 삼원샏
1527526700,삼일 금룡,식사,중식당,서울 종로구 청계천로 85 삼일 빌딩 2층
34582227,삼청빙수,카페,빙수,서울 종로구 삼청로 84-1
35965816,삼촌은총각,술집,이자카야,서울 종로구 동숭2길 4
1629617329,상상의문 대학로점,놀거리,방탈출카페,서울 종로구 창경궁로34길 18-5 지하 3층
1926514877,상인정신,술집,요리주점,서울 종로구 새문안로5길 11-1 2층
20848750,상해반점,식사,중식당,서울 종로구 종로 310-1
1427737970,새서울,술집,술집,서울 종로구 돈화문로11길 28-5 3층
1264150048,샘쿡별관,술집,"맥주,호프",서울 종로구 대명1길 16-18
1156795553,생마차 종각역점,술집,이자카야,서울 종로구 삼일대로19길 6
1924764994,생활맥주 광화문점,술집,"맥주,호프",서울 종로구 새문안로5길 11-7
1315625580,생활맥주 대학로마로니에점,술집,"맥주,호프",서울 종로구 대학로10길 11 생활맥주 대학로마로니에점
1362013951,생활맥주 대학로좁은골목점,술집,"맥주,호프",서울 종로구 대명1길 16-27 1층
1496369234,생활맥주 종각점,술집,"맥주,호프",서울 종로구 우정국로2길 37 1층
1029738843,생활맥주 종로구청2호점,술집,"맥주,호프",서울 종로구 삼봉로 81 1층 생활맥주
1549687911,생활맥주 종로구청점,술집,"맥주,호프","서울 종로구 삼봉로 80 지상1,2층"
1274897924,샤오바오우육면 종로본점,식사,중식당,서울 종로구 삼일대로17길 15
1520855169,서교주담 대학로,술집,요리주점,서울 종로구 대학로11길 27 1층
1264357525,서대문여관,놀거리,전시관,서울 종로구 새문안로 41-3
35781699,서대포집,술집,"육류,고기요리",서울 종로구 돈화문로11가길 9
1506181867,서래향 대학로점,식사,중식당,서울 종로구 대학로12길 64 1층
717158780,서양집 혜화대학로본점,식사,"스파게티,파스타전문",서울 종로구 대학로9길 23-2 2층
11639701,서연아트홀,놀거리,공연장,서울 종로구 창경궁로 258-9 대학로 서연아트홀
1883490486,서울88맥주,술집,"맥주,호프",서울 종로구 율곡로8길 102 1층 서울88맥주
1852124598,서울게러지바,술집,바(BAR),서울 종로구 종로14길 4 1층
1942140817,서울레코드펍,술집,"맥주,호프",서울 종로구 삼일대로20길 17 2층
18671262,서울무형유산교육전시장,놀거리,전시관,서울 종로구 율곡로10길 13
1793838609,서울바당,술집,요리주점,서울 종로구 대명길 19-5 지하1층
1909721362,서울익스프레스88,식사,중식당,"서울 종로구 삼일대로15길 1 1층, 2층"
1311007811,서울집시,술집,"맥주,호프",서울 종로구 서순라길 107
1455820061,서울코미디클럽,놀거리,공연장,서울 종로구 종로14길 4 2층
1824175974,서울회관,술집,요리주점,서울 종로구 삼봉로 98 3층
815362628,서촌181,술집,이자카야,서울 종로구 자하문로1라길 8 서촌181
31694842,서촌계단집,술집,"해물,생선요리",서울 종로구 자하문로1길 15
37996721,서촌금상고로케,카페,베이커리,서울 종로구 자하문로9길 24 1층 103호
1129006435,서촌기와집 경복궁본점,식사,한식,서울 종로구 자하문로1길 35
1242824328,서촌주점,술집,요리주점,서울 종로구 자하문로7길 59 1층
20936663,서호장,식사,중식당,서울 종로구 수표로 91-1
19407552,선비옥,식사,"육류,고기요리",서울 종로구 종로16길 23 지상1층(관수동)
1756395500,설맥 종로낙원점,술집,"맥주,호프",서울 종로구 수표로 124 1층
13295078,세종당구아카데미,놀거리,당구장,서울 종로구 수표로 96 6층
1801452924,세종당구장,놀거리,당구장,서울 종로구 자하문로 83
11576170,세종문화회관,놀거리,"공연,연극시설",서울 종로구 세종대로 175
13412846,세종문화회관 M씨어터,놀거리,공연장,서울 종로구 세종대로 175 세종이야기
13412847,세종문화회관 대극장,놀거리,공연장,서울 종로구 세종대로 175 세종이야기
19801532,세종충무공이야기,놀거리,전시관,서울 종로구 세종대로 175 지하 2층 세종충무공이야기 전시관
1872589944,세컨디포레스트 익선점,식사,"스파게티,파스타전문",서울 종로구 돈화문로11다길 34 세컨디포레스트 익선점
38571707,센꼬치,술집,이자카야,서울 종로구 창경궁로 249
1907056844,셜록홈즈 대학로점,놀거리,방탈출카페,서울 종로구 대학로10길 5 4층
1186945281,셜록홈즈 종각점,놀거리,방탈출카페,서울 종로구 삼일대로17길 17 4층 셜록홈즈 종각
1248722101,셰익스BEER,술집,"맥주,호프","서울 종로구 종로14길 13 1,2,3층"
1691427886,소마,식사,아시아음식,서울 종로구 삼일대로32길 49 1층
1669386778,소바의온도 본점,식사,일식당,서울 종로구 대학로12길 43 1층 소바의온도
1120244208,소울굴,술집,바(BAR),서울 종로구 창신11길 4 1층 2호
1479841475,소진담 안녕인사동점,카페,베이커리,서울 종로구 인사동길 49 5층
1576850592,솔방울베이커리,카페,베이커리,서울 종로구 서순라길 89-15 솔방울
1767383377,솔트24 혜화본점,카페,베이커리,서울 종로구 동숭길 36 1층
1713997467,송추가마골 인어반 신문로점,식사,"육류,고기요리",서울 종로구 새문안로 68 흥국생명빌딩 지하1층
1731420598,수작 종각역점,술집,요리주점,서울 종로구 삼일대로19길 24 1층
1426842101,수제교자오늘,술집,이자카야,서울 종로구 동숭길 136 1층
1567345635,숙달돼지 종각점,식사,돼지고기구이,서울 종로구 종로8길 15
1123934065,술비,술집,요리주점,서울 종로구 대학로14길 17 1층 술비
677534102,술패도니,술집,이자카야,서울 종로구 종로10길 13 2층
1952709548,스매싱볼 종로점,놀거리,볼링장,서울 종로구 종로 78 지하1층
20514821,스미스가좋아하는한옥,식사,이탈리아음식,서울 종로구 삼청로 22-7
19873036,스시미치루,식사,"초밥,롤",서울 종로구 종로1길 42 지하 1층
1043397620,스시소라 광화문점,식사,일식당,서울 종로구 종로 19 르메이에르 지하1층 116호
1384149038,스케치테이블 혜화,식사,양식,"서울 종로구 율곡로 206 지하1층, 1층, 2층"
1553059011,스쿠퍼젤라또 경복궁점,카페,아이스크림,서울 종로구 자하문로7길 10 1층
1159889789,스타벅스 독립문역점,카페,카페,서울 종로구 송월길 155
1992649279,스타벅스 서대문역점,카페,카페,서울 종로구 통일로 134
1061524141,스타벅스 정부서울청사R점,카페,카페,서울 종로구 새문안로5가길 28
11840347,스타벅스 종각점,카페,카페,서울 종로구 종로 64
1197867572,스타벅스 종로R점,카페,카페,서울 종로구 종로 51
31813187,스타벅스 종로관수점,카페,카페,서울 종로구 삼일대로20길 13
1142689405,스태픽스,카페,"카페,디저트",서울 종로구 사직로9길 22 102호
31420349,스파게티가있는풍경 광화문역점,식사,"스파게티,파스타전문",서울 종로구 새문안로 103-1 2층
1353842174,슬로우핸드,술집,바(BAR),서울 종로구 사직로12길 1 1층
1892542084,시미시미,술집,요리주점,서울 종로구 삼일대로30길 49
304986741,시카노이에,식사,일식당,서울 종로구 경희궁1길 32 신문로하우스 101호
37641764,시크릿챔버,놀거리,방탈출카페,서울 종로구 창경궁로 258-12 2층
1646761937,식껍 종로익선점,술집,"육류,고기요리",서울 종로구 돈화문로11길 38 1층 식껍
17924726,신라반점,식사,중식당,서울 종로구 수표로28길 9
37402745,신라스테이 광화문 바,술집,바(BAR),"서울 종로구 율곡로4길 60-2 63,"
12989948,신승관,식사,중식당,서울 종로구 종로 19 217호
38300811,심야식당,술집,요리주점,서울 종로구 대명길 39-5 1층
13182210,씨네큐브광화문,놀거리,영화관,서울 종로구 새문안로 68 지하2층
1504364153,아담집,술집,이자카야,서울 종로구 돈화문로11나길 22
1266322374,아담집별관,술집,이자카야,서울 종로구 돈화문로11나길 26-3 1층
1710939660,아디오도시,술집,와인,서울 종로구 사직로12길 1-9 1층
1823791430,아로포,식사,베트남음식,서울 종로구 대학로11길 46 2층
38321903,아시안쿠진경복궁점,식사,태국음식,서울 종로구 자하문로1길 7-1
656590542,아시안테이블,식사,아시아음식,서울 종로구 성균관로3길 11 아시안테이블
1434781920,아이노가든키친,식사,한식,서울 종로구 경희궁2길 10 2층
35966355,아인,술집,와인,서울 종로구 효자로7길 22-17 아인
1626426611,아키,술집,이자카야,서울 종로구 창덕궁1길 42 2층
1783153281,아키비스트,카페,"카페,디저트",서울 종로구 효자로13길 52 1층 아키비스트 서촌
20848725,아트당구클럽,놀거리,당구장,서울 종로구 창경궁로 236
1569772373,아트만,술집,와인,서울 종로구 사직로12길 11 아트만
1042113634,아트몬스터 익선동점,술집,"맥주,호프","서울 종로구 돈화문로11다길 30 지하철 1,3,5호선 종로3가역 6번 출구로 나오셔서 뒤로 돌아 골목길로 좌회전하신 후 쭉 오시면 바로 보입니다.(도보 5분 소요)"
13548128,아트포라이프,카페,카페,서울 종로구 백석동길 97
1519422702,안녕 브릭샌드 인사동점,카페,"카페,디저트",서울 종로구 인사동길 49 안녕인사동 1층 M층
19877696,안래홍,식사,중식당,서울 종로구 종로7길 43
20597120,안주마을,술집,포장마차,서울 종로구 자하문로1길 3
1422397263,알로이막막,식사,태국음식,"서울 종로구 자하문로7길 30 1,2층"
1556811494,압편 압구정편의점 대학로점,술집,요리주점,"서울 종로구 대명길 18 2, 3층"
1263023271,야드,술집,와인,서울 종로구 백석동1가길 19 3층
1059455319,야드esp,카페,"카페,디저트",서울 종로구 백석동1가길 19 2층
20871711,야스미,식사,일식당,서울 종로구 대명길 39-10
37633182,야젠 1호점,술집,이자카야,서울 종로구 종로31길 10 1층
1798532855,야젠 2호점,술집,이자카야,서울 종로구 돈화문로5가길 19 1층 야젠
1545511550,야젠 3호점,술집,이자카야,서울 종로구 삼일대로15길 24 1층
11840539,양반댁,식사,한정식,서울 종로구 인사동길 19-18 양반댁
34582011,양지식당,식사,"백반,가정식",서울 종로구 율곡로29길 4
1240190178,어니언 안국,카페,"카페,디저트",서울 종로구 계동길 5 카페 어니언
1443638711,어미담 경복궁점,식사,일식당,서울 종로구 자하문로 31-4
1267330619,어비스,술집,바(BAR),서울 종로구 사직로12길 19-17
1485671443,어텐디 북촌,카페,"카페,디저트",서울 종로구 북촌로4길 16 1층
1601343169,언껀,식사,베트남음식,서울 종로구 옥인2길 6 1층 언껀
1115925517,언코르크드,술집,와인,서울 종로구 율곡로 55 동신빌딩 B1
1709251583,얼스어스,카페,"카페,디저트",서울 종로구 자하문로28가길 1
36112970,에노테카친친,술집,와인,서울 종로구 옥인길 40 에노테카친친
584785475,에머이 대학로점,식사,베트남음식,서울 종로구 대학로10길 26
36959975,에머이 종로본점,식사,베트남음식,서울 종로구 종로12길 6-20
37842043,에무시네마,놀거리,영화관,서울 종로구 경희궁1가길 7 복합문화공간에무 2층
12450692,에베레스트 레스토랑 동대문점,식사,인도음식,서울 종로구 종로51가길 2-1
19786962,에베레스트커리월드,식사,인도음식,서울 종로구 종로 305 2층(창신동)
13152751,에스비에스당구클럽,놀거리,당구장,서울 종로구 수표로 118 계성빌딩 2층
1202431112,에이라운드,카페,카페,"서울 종로구 창경궁로 263 1, 2층"
1515782097,에이크로리즘 안국카페,카페,카페,서울 종로구 율곡로5길 16 1층
337616098,에일당,술집,"맥주,호프",서울 종로구 수표로28길 33-9 에일당
1203808746,에필로그,놀거리,방탈출카페,서울 종로구 대학로8가길 48 지층
1741033739,엘지포차,술집,포장마차,서울 종로구 종로39길 16-1 1층
1528889568,엠엠에스,술집,바(BAR),서울 종로구 사직로 133-10 3층
269682778,엠티당구장,놀거리,당구장,서울 종로구 삼일대로17길 19 원산빌딩
1739105800,역전포장마차 종각종로점,술집,술집,서울 종로구 삼일대로17길 15 2층
1105573661,역전할머니맥주 대학로점,술집,"맥주,호프",서울 종로구 대명1길 10 1층
1373524926,역전할머니맥주 종각역점,술집,"맥주,호프",서울 종로구 종로12길 14 2층
1299966495,연금술 혜화,술집,바(BAR),서울 종로구 동숭3길 16 1층
1328633002,연남토마 북촌점,식사,퓨전음식,서울 종로구 북촌로5길 39 1층
1219285981,연하동 대학로점,식사,일식당,서울 종로구 대학로11길 43 1층
1283027259,영도다리,술집,요리주점,서울 종로구 돈화문로11길 24 1층
17898852,영화루,식사,중식당,서울 종로구 자하문로7길 65
1194224244,예맥관,식사,"육류,고기요리",서울 종로구 종로16길 31-3 1층
12080613,예술가의 집,놀거리,"공연,연극시설",서울 종로구 동숭길 3 한국문화예술위원회
1524725593,예스24스테이지,놀거리,"공연,연극시설",서울 종로구 대학로12길 21
1160800470,오가다 혜화대학로본사점,카페,차,"서울 종로구 대학로12길 15 1층, 2층"
13574838,오가와,식사,일식당,서울 종로구 새문안로5길 19
675635479,오고또포차,술집,생선회,서울 종로구 종로16길 34 국제빌딩
1859572081,오늘그대와 익선,식사,"스파게티,파스타전문",서울 종로구 수표로28길 21-11 1층 오늘그대와익선
1023342310,오늘도 한잔,술집,바(BAR),서울 종로구 대명길 39-5 지하1층
1723797072,오니,술집,바(BAR),서울 종로구 창덕궁1길 31 지하1층
13152749,오딘당구장,놀거리,당구장,서울 종로구 동숭길 63 동숭빌딩 3층
1133826226,오레노라멘 인사점,식사,일본식라면,서울 종로구 율곡로 49-4 1층
954741961,오무사,술집,바(BAR),서울 종로구 필운대로9길 1
1026752405,오브 오브 라이트,술집,바(BAR),서울 종로구 삼일대로32길 57 1층
1694544774,오사카부루스 종각점,술집,이자카야,서울 종로구 종로12길 14 지하1층
1342631145,오얏꽃,카페,카페,서울 종로구 돈화문로11다길 15 오얏꽃 카페
1422060506,오카구라 라멘&이자카야,식사,일본식라면,서울 종로구 삼일대로 382 신영빌딩 지하 1층
1336760258,오프,놀거리,전시관,서울 종로구 자하문로5길 11
1596260958,옥상,술집,"맥주,호프",서울 종로구 돈화문로11길 6
1731506012,옥상별관,술집,"육류,고기요리",서울 종로구 수표로 94 한일타워 8층위 옥상
1113085292,온천집,식사,샤브샤브,서울 종로구 돈화문로11나길 31-8
1904231959,온프,식사,양식,서울 종로구 성균관로 4-3 1층
1577573390,올나잇,술집,"맥주,호프",서울 종로구 우정국로2길 32 . 1층(관철동)
32699421,옴레스토랑 광화문점,식사,인도음식,서울 종로구 새문안로 103 지하
37349491,와,술집,이자카야,서울 종로구 인사동3길 8
1672999012,와라이,술집,이자카야,서울 종로구 율곡로4길 66 삼성빌딩 7층
1615063426,와옥,술집,바(BAR),서울 종로구 북촌로5나길 3-7
1339251397,와인슈타인,술집,와인,서울 종로구 삼일대로15길 26 2층 와인슈타인
343597877,와인이지,술집,와인,서울 종로구 계동길 5 2층 와인이지
1589705050,용용선생 대학로점,술집,요리주점,서울 종로구 대학로8가길 36 1층 용용선생
1440641712,용용선생 종각점,술집,요리주점,서울 종로구 삼일대로19길 18
34353331,우리당구장,놀거리,당구장,서울 종로구 종로 135
37288889,우리의 밤,술집,바(BAR),서울 종로구 창경궁로29길 3 지층
1678089916,우즈 웨일,술집,와인,서울 종로구 종로 88 bar 우즈 웨일
1566105397,원조만선호프,술집,"맥주,호프",서울 중구 충무로9길 14
38276068,유도리,술집,이자카야,서울 종로구 우정국로2길 43
1634984425,유메오뎅 익선,술집,"오뎅,꼬치",서울 종로구 돈화문로11길 18 1층
19585020,유진식당,식사,냉면,서울 종로구 종로17길 40
1027607661,육회바른연어 경복궁점,술집,요리주점,서울 종로구 자하문로 18-1 1층
37467837,육회한연어 대학로점,술집,요리주점,서울 종로구 창경궁로 246-6
1999654712,을지로 외계인,술집,"맥주,호프",서울 중구 퇴계로41길 31 2층
1172310688,을지맥옥,술집,"맥주,호프",서울 중구 수표로 48-16
1201990868,의성집 대학로점,식사,"육류,고기요리",서울 종로구 대학로8가길 52 1층
20300076,이공오도씨,카페,카페,서울 종로구 성균관로4길 5 1층
1599056154,이다,식사,양식,서울 종로구 서순라길 153
1636341982,이안초밥 안녕인사동점,식사,"초밥,롤","서울 종로구 인사동길 49 지상 M층 5,6번매장"
242040378,이자카야 곤조,술집,이자카야,서울 종로구 대명1길 7 대눅빌딩1층 곤조
1193914144,이자카야나무 종각점,술집,이자카야,"서울 종로구 종로10길 16 2, 3층"
37236918,이주당,술집,"맥주,호프",서울 종로구 자하문로1나길 1
1145040245,이촌식당 Ichon dining,술집,한식,서울 종로구 인사동길 17 2층
1291645258,이층양옥,식사,양식,서울 종로구 돈화문로11나길 28 이층양옥
37741900,이태리재,식사,이탈리아음식,서울 종로구 율곡로1길 74-9
13060964,익선동 뜰안,카페,한방카페,서울 종로구 수표로28길 17-35
1471328022,익선동노가리마켓,술집,요리주점,서울 종로구 돈화문로11길 26
1516328464,익선동야장,술집,"맥주,호프",서울 종로구 돈화문로11길 33
1021505576,익선디미방,식사,양식,서울 종로구 돈화문로11나길 30 익선디미방
1091767952,익선세겹살,술집,돼지고기구이,서울 종로구 수표로28길 45
1722877110,익선슈팅클럽,놀거리,오락실,서울 종로구 수표로28길 21-13
1573446526,익선애뜻,식사,한식,서울 종로구 돈화문로11다길 24 1층 익선애뜻
1473879047,익선주택,카페,"카페,디저트",서울 종로구 수표로28길 17-33 1층
1127729650,익선취향,식사,양식,서울 종로구 수표로28길 17-32 1층
1575906353,인공위성,술집,바(BAR),서울 종로구 율곡로6길 27-3 1층
1114397105,인디아쉐프,식사,인도음식,서울 종로구 인사동5길 20 2층
1695116004,인사동 음음,술집,와인,서울 종로구 인사동8길 17 1층
11723459,인사동 촌,식사,한정식,서울 종로구 인사동14길 19
21849004,인사동노가리,술집,"맥주,호프",서울 종로구 인사동3길 14 1층 인사동노가리
37942234,인사동마늘보쌈,식사,"족발,보쌈",서울 종로구 인사동8길 12-5
1317945942,인사센트럴뮤지엄,놀거리,전시관,서울 종로구 인사동길 49 B1
34363462,인사아트프라자,놀거리,전시관,서울 종로구 인사동길 34-1 지하3층
1005271392,인사타이,식사,태국음식,서울 종로구 인사동길 49 안녕인사동 3층 304호
1050017666,인생이 보드게임,놀거리,보드카페,서울 종로구 수표로 107 2층
1852290887,인쌩맥주 대학로점,술집,"맥주,호프",서울 종로구 대학로12길 13 1층
1759589490,인쌩맥주 익선점,술집,"맥주,호프",서울 종로구 돈화문로11길 12 1층 인쌩맥주 익선점
33211250,인터파크 유니플렉스,놀거리,공연장,서울 종로구 대학로12길 64
20867889,일번지,식사,중식당,서울 종로구 종로41길 10
1115836848,일월육일 종각점,술집,이자카야,서울 종로구 삼일대로17길 43 1층
1839696543,일월일일,카페,"카페,디저트",서울 종로구 창경궁로 231 2층 일월일일
1897712008,일일주,술집,이자카야,서울 종로구 사직로8길 4 풍림스페이스본 201동 108호
1784877604,일일향 광화문,식사,중식당,서울 종로구 새문안로3길 15 동원빌딩 별관 2층 일일향 광화문
1330234658,자갈치,술집,"해물,생선요리",서울 종로구 삼일대로30길 43 1층
1834512918,자미더홍,술집,요리주점,서울 종로구 동숭길 129 자미더홍
33938068,자작나무이야기,카페,카페,서울 종로구 율곡로1길 74-15 자작나무이야기
1139321945,잔잔 종각점,술집,이자카야,서울 종로구 우정국로2길 42 1층
32283929,장독대,술집,요리주점,서울 종로구 삼일대로17길 16
1725956672,장수하늘소,식사,소고기구이,서울 종로구 인사동길 34-1
1706233643,재동맥주,술집,"맥주,호프",서울 종로구 북촌로4길 4
1563931731,쟁반집8292 종로점,식사,"육류,고기요리",서울 종로구 종로8길 17 1층
38305494,전곱,술집,"곱창,막창,양",서울 종로구 돈화문로11길 38 미광빌딩 1층 4호
38276167,전라도횟집,술집,생선회,서울 종로구 창경궁로 88 광장시장
1203850445,전통을지로골뱅이&치킨호프,술집,"맥주,호프",서울 종로구 수표로 125 1층
36343695,전통주갤러리,놀거리,전시관,서울 종로구 북촌로 18 1층
11555349,절벽,술집,포장마차,서울 종로구 평창문화로 130 귀빈예식장건물 지하
1061286648,정그리다,카페,"카페,디저트",서울 종로구 낙산성곽길 2
1888937466,정극장 행오버,놀거리,"공연,연극시설",서울 종로구 대학로12길 69 3F
37126807,정돈 대학로본점,식사,돈가스,서울 종로구 대학로9길 12 지층
38277673,정사장,술집,요리주점,서울 종로구 북촌로 24 1층
1615758729,정석당구아카데미,놀거리,당구장,서울 종로구 수표로 111
1813162445,제나아트홀,놀거리,"공연,연극시설",서울 종로구 대학로10길 12 지하 1층
1286056717,제야,술집,바(BAR),서울 종로구 우정국로2길 17 지하1층
1020155276,제이앤제이볼링센터,놀거리,볼링장,서울 종로구 종로12길 15 4층
11623515,조금,식사,일식당,서울 종로구 인사동길 60 크라운빌딩 1층 조금식당
1016832765,족발야시장&무청감자탕 광화문점,식사,"족발,보쌈",서울 종로구 세종대로23길 54 지상1층 101호
293688808,종로 스테이크,식사,"스테이크,립",서울 종로구 돈화문로11나길 27-1
1136573326,종로 프로당구장,놀거리,당구장,서울 종로구 삼봉로 95 대성스카이렉스 지하1층
31658139,종로3가 장군굴보쌈,식사,"족발,보쌈",서울 종로구 수표로20길 22
1108070690,종로고집,술집,한식,서울 종로구 돈화문로5가길 37
1580253307,종로당구클럽,놀거리,당구장,서울 종로구 종로 120 동영타워 지하2층
1614498920,종로도담,식사,한식,서울 종로구 삼봉로 78
1262626014,종로등심 익선동점,식사,"육류,고기요리",서울 종로구 삼일대로26길 11 종로등심 익선동점
1106172226,종로술집,술집,"맥주,호프",서울 종로구 율곡로8길 101 지하1층
1651486531,종로육가,식사,돼지고기구이,서울 종로구 돈화문로11다길 10 1층
20875387,종로주막,술집,요리주점,서울 종로구 우정국로2길 10
1782749461,종삼육,술집,"육류,고기요리",서울 종로구 돈화문로11길 8-1
31663694,주항아리,술집,요리주점,서울 종로구 창경궁로29길 11
36819674,준수방키친,식사,이탈리아음식,서울 종로구 자하문로11길 8 준수방키친
1608412745,준코 종각1호점,술집,요리주점,서울 종로구 종로14길 19 예지빌딩 5층
35458273,준코 종각점,술집,요리주점,서울 종로구 종로 63-8 지상1층
19861692,중국,식사,중식당,서울 종로구 자하문로33길 2
1358042128,중차이,식사,중식당,서울 종로구 대학로7길 7 1층
1041465741,중화요리 지엔,식사,중식당,서울 종로구 율곡로 218 중화요리지엔
31346781,지유가오카핫초메 삼청점,카페,케이크전문,서울 종로구 윤보선길 46
1461359698,지인시어터,놀거리,"공연,연극시설",서울 종로구 동숭길 25 지인시어터 (구.알과핵극장)
1739279755,진심,식사,일식당,서울 종로구 필운대로 42-1 1층
13547338,진아춘,식사,중식당,서울 종로구 대명1길 18
1798193024,진영이네,술집,"맥주,호프",서울 종로구 종로26길 14
11619295,진옥화할매원조닭한마리,식사,닭요리,서울 종로구 종로40가길 18
1280072814,진작 카키,식사,한식,서울 종로구 창덕궁1길 38 진작카키 안국점
1438050869,집시포차 혜화점,술집,포장마차,서울 종로구 성균관로 21 2층
1017155929,짬뽕지존 종로점,식사,중식당,서울 종로구 삼일대로15길 25 101호
1348275037,찡쪽바,술집,바(BAR),서울 종로구 성균관로 7-1 2층
37638411,차니오뎅,술집,"오뎅,꼬치",서울 종로구 대학로8가길 48 1층
37256672,차알 광화문 디타워점,식사,중식당,서울 종로구 종로3길 17 D타워 리플레이스 광화문 3층
20267975,차이니즈키친홍성원 본점,식사,중식당,서울 종로구 삼봉로 95 2층 차이니즈키친홍성원 본점
1494727146,차이들 안녕인사동점,식사,중식당,"서울 종로구 인사동길 49 3층 307, 308호"
36940024,착한노가리생맥주 성신여대 본점,술집,"맥주,호프",서울 성북구 동소문로24길 13 1층 노가리
32284374,참골뱅이와노가리,술집,요리주점,서울 종로구 수표로 123-4 2층
1579102586,참제철,술집,바(BAR),서울 종로구 사직로 133-10 4층
1733573733,참치공방 정다운점,식사,생선회,"서울 종로구 종로10길 20 1층, 2층"
12928524,창신동매운족발,식사,"족발,보쌈",서울 종로구 종로51길 23
1225954382,창신집,술집,요리주점,서울 종로구 종로51길 33
875660786,창의문 뜰,카페,카페,서울 종로구 백석동길 6-5
1789291657,천년동안도,술집,바(BAR),"서울 종로구 삼일대로15길 6 지하1층, 2층"
11571540,천년동안도 낙원,술집,바(BAR),서울 종로구 수표로 134 2층
1232333905,철길부산집 대학로혜화점,술집,요리주점,서울 종로구 대학로11길 38-18 1층
1370767474,철이네오뎅,술집,"오뎅,꼬치",서울 종로구 청계천로 67 1층 105호 철이네 오뎅
36262954,철판남,술집,이자카야,서울 종로구 자하문로1길 53 1층 철판남
1286506655,첫잔,술집,요리주점,서울 종로구 자하문로1길 28
1948499422,청계광장,술집,"맥주,호프",서울 종로구 청계천로 109
1451704655,청계천 휴,술집,"맥주,호프",서울 종로구 청계천로 71 청계천 휴
1854304126,청석개발,놀거리,볼링장,서울 종로구 창덕궁1길 13 지하1층
1262377225,청수당 베이커리,카페,"카페,디저트",서울 종로구 돈화문로11나길 31-9
1943949605,청와대 사랑채 한국관광전시관,놀거리,전시관,서울 종로구 효자로13길 45
13544101,청진옥,식사,해장국,서울 종로구 종로3길 32
1595913531,초이라멘,식사,일본식라면,서울 종로구 율곡로 290-2
11867483,촌놈,식사,돼지고기구이,서울 종로구 대학로8가길 48
19882235,최대감네,식사,한식,서울 종로구 인사동8길 12-3
20735840,최부자보쌈,식사,"족발,보쌈",서울 종로구 수표로20길 22
1438277516,추억의 포장마차,술집,포장마차,서울 종로구 지봉로 29
36523570,친니,식사,중식당,서울 종로구 세종대로 175 세종문화회관 지하 1층
1326274848,칠돈가 광화문점,식사,돼지고기구이,서울 종로구 새문안로9길 9 1층
1256953387,카린지린가네스낵바 광화문점,술집,요리주점,서울 종로구 종로5길 32-3 1층
1803926134,카산도 대학로점,식사,돈가스,서울 종로구 동숭길 55 1층
1778487797,카오리,술집,이자카야,서울 종로구 종로 19 2층 211-1호
1277184396,카페 라미스콘 익선점,카페,"카페,디저트",서울 종로구 돈화문로11나길 25
1597024444,카페 수달,카페,"카페,디저트",서울 종로구 율곡로 49-14
13472558,카페다오,카페,카페,서울 종로구 대학로14길 19
1241138461,카페랑솜,카페,카페,서울 종로구 대학로11길 22
1360232609,카페온화 익선점,카페,카페,서울 종로구 수표로28길 21-10
11678597,카페이마,카페,카페,서울 종로구 세종대로 152 일민미술관 1층
13331683,카페첫만남,카페,"카페,디저트",서울 종로구 대학로9길 12
1827620160,카페하이웨스트 익선점,카페,"카페,디저트",서울 종로구 돈화문로11다길 18
1228101335,칸다소바,식사,일본식라면,서울 종로구 대학로 131-1
1920065620,칸다소바 경복궁점,식사,일본식라면,서울 종로구 자하문로7길 5 1층
1012233833,캥거루,술집,와인,서울 종로구 자하문로5길 18-13 3층 캥거루
13152757,커피방앗간,카페,카페,서울 종로구 북촌로5가길 8-11
36948692,커피빈 종로관철동점,카페,카페,서울 종로구 청계천로 83
1226841769,커피빈 혜화역점,카페,카페,서울 종로구 대명길 5
267047603,커피원,카페,"카페,디저트",서울 종로구 새문안로3길 12 지하1층 20호
31378153,커피투어 경복궁점,카페,카페,서울 종로구 자하문로 1
1109664581,커피한약방 혜화점,카페,카페,서울 종로구 동숭2길 9
1027100368,컬러풀뮤지엄,놀거리,전시관,서울 종로구 인사동길 49 안녕인사동 6층
1910206912,컬쳐씨어터,놀거리,"공연,연극시설","서울 종로구 대학로8가길 80 매표소 1층, 공연장 5층"
34706559,코다차야 종각점,술집,이자카야,서울 종로구 종로 68 서화빌딩
613946890,코블러,술집,술집,서울 종로구 사직로12길 16 단독1층
1543996716,코튼서울,카페,카페,서울 종로구 인사동12길 17 1층 KOTTON SEOUL 코튼서울
1128424119,콘크리트 팔레트,카페,"카페,디저트",서울 종로구 대학로 125 콘크리트 팔레트
12059901,콘텐츠박스,놀거리,공연장,서울 종로구 동숭길 55 대학빌딩 B1
532014087,콩툰 대학로점,놀거리,만화방,서울 종로구 대학로 122 지하
1677587492,쿠아타이푸드,식사,태국음식,"서울 종로구 종로 19 지하2층, B208-1"
1261066235,쿵푸양꼬치 종로점,식사,양꼬치,서울 종로구 종로35길 3 1층
36812636,퀸101,술집,바(BAR),서울 종로구 대명길 17 .
1016325439,퀸즈가드,술집,바(BAR),서울 종로구 서순라길 115 1-2층
1863450578,큐3당구장,놀거리,당구장,서울 종로구 종로10길 16
1293282408,큔,카페,"카페,디저트",서울 종로구 자하문로26길 17-2 1층
1274052861,크라운호프 종로점,술집,"맥주,호프",서울 종로구 종로14길 9 1층
37793776,크래프트루,술집,"맥주,호프",서울 종로구 수표로28길 17-7
1110186348,크리스탈제이드 광화문상하이팰리스점,식사,중식당,서울 종로구 율곡로2길 7 서머셋팰리스 호텔 1층
1533643806,키모토,술집,이자카야,서울 종로구 대학로1길 36 1층
1686381911,키미,술집,와인,서울 종로구 종로65길 20 1층
11717197,키미아트,카페,카페,서울 종로구 평창30길 47
38233999,킬리뱅뱅,술집,"맥주,호프",서울 종로구 자하문로1길 23
1120395692,킹스커피 24시 카페,카페,카페,서울 종로구 대명길 46 (명륜2가) 킹스 커피
1488972229,타마린드 디타워점,식사,베트남음식,서울 종로구 종로3길 17 광화문 D타워 5층 504호
1294801750,타스카페,카페,카페,서울 종로구 동숭길 117 2층
1761410378,타파스옥,술집,와인,서울 종로구 사직로12길 1-2 타파스옥
1095125307,타펠룬데 서울,술집,와인,서울 종로구 사직로 108-5
1130283152,탈스티,술집,와인,서울 종로구 삼청로 102-15 탈스티
1224384502,텅,카페,카페,서울 종로구 율곡로 82 701호
38231951,테라로사 광화문점,카페,카페,서울 종로구 종로1길 50 더케이트윈타워 B동 1층
1059957766,테라로사 국립현대미술관서울점,카페,카페,서울 종로구 삼청로 30 국립현대미술관 서울관 1층
1248044853,테르트르,카페,카페,서울 종로구 낙산5길 46
926576189,토끼정 대학로점,식사,일식당,서울 종로구 대학로8가길 133
1293675280,토라 대학로점,술집,이자카야,서울 종로구 대명1길 4
37770443,토리고야 종로본점,술집,이자카야,서울 종로구 우정국로2길 36
1310274219,토리아에즈 대학로점,술집,이자카야,서울 종로구 창경궁로 243 1층
1958472798,토오베,카페,차,서울 종로구 인사동길 62-4 3층
36849274,통인스윗,카페,"카페,디저트",서울 종로구 자하문로7길 50
31462375,투썸플레이스 광화문점,카페,카페,서울 종로구 새문안로 85
1269013656,투썸플레이스 대학로아트점,카페,카페,서울 종로구 동숭길 123 1층
35678648,투썸플레이스 종로3가역점,카페,카페,서울 종로구 수표로 106 1층
1670762252,투썸플레이스 종로알파빌딩점,카페,카페,서울 종로구 종로 34 알파빌딩 1층
1482060088,투썸플레이스 혜화대명로점,카페,카페,서울 종로구 대명길 6 2-4층
1134267453,투파인드피터 혜화점,식사,이탈리아음식,서울 종로구 대학로10길 26 3층
17929286,티테라피,카페,카페,서울 종로구 윤보선길 74
1673228007,티퍼런스서울,카페,"카페,디저트",서울 종로구 돈화문로 61 티퍼런스서울
13280778,틴틴홀,놀거리,공연장,서울 종로구 대학로10길 24 스타리움빌딩
1438057666,파네트 광화문점,카페,베이커리,서울 종로구 사직로8길 24
35913944,파랑씨어터,놀거리,"공연,연극시설",서울 종로구 대학로8가길 36 3층
21024102,파리크라상 광화문점,카페,베이커리,서울 종로구 종로 1 교보생명빌딩 1층
1121062750,파스타마켓,식사,"스파게티,파스타전문",서울 종로구 대학로11길 9-5 1층 파스타마켓
1940860433,파이어로버스와인클럽,술집,와인,서울 종로구 옥인3길 23 1층
1415091445,파이키,카페,북카페,서울 종로구 서순라길 81 파이키
31549341,판장 종로구청점,술집,이자카야,서울 종로구 삼봉로 81 두산위브파빌리온
1524521706,팔,카페,"카페,디저트",서울 종로구 자하문로9길 6 1층
1590979867,팔마,술집,와인,서울 종로구 자하문로5길 39 1층
1799619191,팔오구 코리안 비스트로,식사,퓨전음식,서울 종로구 대명1길 25 2층
1205522921,퍼리코 서촌,식사,베트남음식,서울 종로구 필운대로1길 3 1층
1428920522,퍼센트 혜화,술집,요리주점,서울 종로구 성균관로 15-2 지하1층
1518228901,퍼스트보드게임카페 대학로점,놀거리,보드카페,서울 종로구 대학로 130 3층
11710271,페르시안궁전,식사,인도음식,서울 종로구 성균관로6길 9
1394617295,페이스,술집,바(BAR),서울 종로구 돈화문로11길 18 3층
1550163571,페이퍼마쉐,카페,"카페,디저트",서울 종로구 무교로 40
1759116735,펠트커피 광화문점,카페,"카페,디저트",서울 종로구 종로3길 17 B2
1232786235,편편집 종각역점,식사,샤브샤브,서울 종로구 종로14길 19 2층 편편집 종각역점
1543784908,평양고깃집,식사,"육류,고기요리",서울 종로구 인사동5길 14 2층 평양 고깃집
36908457,포담 서촌본점,식사,중식당,서울 종로구 사직로 133-10 2층 포담
11725591,포로이 대학로점,식사,베트남음식,서울 종로구 동숭길 101 현대엘리베이터빌딩 2층
1552898609,포브라더스 종로점,식사,베트남음식,서울 종로구 종로 51 종로타워 지하2층 210호
37197875,포비 광화문,카페,베이커리,서울 종로구 종로3길 17 D타워 1층 21호
1135500385,포시즌스 호텔 서울 아키라 백,식사,일식당,서울 종로구 새문안로 97 12층
1438382677,포시즌스 호텔 서울 오울,술집,바(BAR),서울 종로구 새문안로 97 포시즌스호텔서울 2층
37402390,포시즌스 호텔 서울 유유안,식사,중식당,서울 종로구 새문안로 97 11층
37402393,포시즌스 호텔 서울 찰스 H.,술집,바(BAR),서울 종로구 새문안로 97 LL층
19579156,포탈라 종로점,식사,인도음식,서울 종로구 청계천로 99 수표교빌딩 지하1층
1603381706,푸드떼,카페,"카페,디저트",서울 종로구 율곡로1길 40-37 한옥
1316034985,풍류,카페,"카페,디저트",서울 종로구 필운대로5나길 20-12 1층 풍류
857908457,풍황,식사,베트남음식,서울 종로구 종로 19 르메이에르종로타운
1035046077,프렌즈,술집,바(BAR),서울 종로구 수표로28길 7 1층
1255587295,프루,술집,이자카야,서울 종로구 북촌로5길 10
37373554,프루스트,카페,공방,서울 종로구 창경궁로26길 38-3
715782489,프릳츠 원서점,카페,카페,서울 종로구 율곡로 83 아라리오 뮤지엄
1254084505,플랑슈,술집,와인,서울 종로구 사직로8길 42 107호
38515145,플러스84,식사,베트남음식,서울 종로구 인사동16길 6
1919701977,플러스99,식사,베트남음식,서울 종로구 삼일대로19길 6 서울 종로구 관철동6-4 3층
1138854501,플러스씨어터,놀거리,공연장,서울 종로구 대학로12길 73
1731558575,플렉스 보드게임카페 & 종로마장,놀거리,보드카페,서울 종로구 종로 119 3층 FLEX 보드게임카페
1090005778,플리퍼스 익선점,카페,"카페,디저트",서울 종로구 수표로28길 31 1층
1106088306,픽사하우스,카페,"카페,디저트",서울 종로구 율곡로3길 74-3
1867792553,필운동주,술집,바(BAR),서울 종로구 필운대로 15 1층
1054946367,하구,술집,요리주점,서울 종로구 돈화문로11나길 26-18 하구
1450717347,하마씨어터,놀거리,공연장,서울 종로구 대학로10길 15-11 4층
1880363348,하씨주가,술집,요리주점,서울 종로구 대학로14길 10 2층
409822120,하이제씨 혜화점,카페,"카페,디저트",서울 종로구 동숭1길 12 1층
1327018569,학교앞분식,술집,종합분식,서울 종로구 새문안로 39-1 동서한의원
1207577521,학림커피,카페,카페,서울 종로구 대학로9길 23
32333078,한가네불고기,술집,요리주점,서울 종로구 인사동길 59 지층
1729106110,한사발포차 종각점,술집,요리주점,"서울 종로구 삼일대로15길 13 1,2층"
1754181863,한사발포차 혜화점,술집,요리주점,서울 종로구 대명길 19-8 1층
1992882869,한양중식 종로점,식사,중식당,서울 종로구 종로 51 종로타워 지하 2층 한양중식
1934318307,한옥달 레스토랑,식사,"스파게티,파스타전문",서울 종로구 자하문로1가길 9
1220362883,한옥랑솜 익선동카페,카페,"카페,디저트",서울 종로구 수표로28길 21-6 1층
1764065667,한옥찻집,카페,"카페,디저트",서울 종로구 인사동14길 12
1779214109,한옥파스타,식사,이탈리아음식,서울 종로구 인사동14길 24-4 1층
1908774828,한일당구장,놀거리,당구장,서울 종로구 종로 199
1695056864,한판도 대학로점,식사,돼지고기구이,서울 종로구 대명길 18 1층 한판도
36257137,할리스 세종로점,카페,카페,서울 종로구 세종대로 161
1592270804,할리스 종각역점,카페,카페,서울 종로구 종로 60-1 1층 할리스 종각역점
1622164906,해물점1978,술집,포장마차,서울 종로구 청계천로 63-1 1층
1581057145,해운대회세꼬시,술집,생선회,서울 종로구 돈화문로11길 16 해운대회세꼬시
1352781000,해피시어터/연극라면,놀거리,공연장,서울 종로구 대학로10길 5 지하1층
1651691942,행아웃,술집,"맥주,호프",서울 종로구 돈화문로11다길 29
31730660,허그,술집,요리주점,서울 종로구 대명1길 7 2층
1439811521,허리우드극장,놀거리,영화관,서울 종로구 삼일대로 428
1265312395,현제,술집,이자카야,서울 종로구 청계천로 67 종로 1번가 오피스텔 105-1호
35542153,혜성당구클럽,놀거리,당구장,서울 종로구 돈화문로5길 38 한성빌딩 2층
1969620581,혜화 리나스 파스타,식사,"스파게티,파스타전문",서울 종로구 대학로 141 2층
1638640485,혜화도담,식사,한식,서울 종로구 대명1길 16-6 혜화도담
37555845,혜화랑,술집,와인,서울 종로구 대학로14길 22-3
71138318,혜화시장,술집,요리주점,서울 종로구 창경궁로34길 24-6 2층
11678822,혜화칼국수,식사,국수,서울 종로구 창경궁로35길 13
32848726,호남선,술집,돼지고기구이,서울 종로구 돈화문로11나길 3
1214765599,호남집,술집,한식,서울 종로구 동호로 403-5 호남집
1910457283,호라파,식사,태국음식,서울 종로구 자하문로 37-1 2층
37285489,호반,술집,한식,서울 종로구 삼일대로26길 20
1244702491,호선생전,술집,요리주점,서울 종로구 종로32길 15 1층 호선생전
1902494789,호프만의 이야기,술집,"맥주,호프",서울 종로구 대학로12길 43 1층
85806567,호호식당 대학로,식사,일식당,서울 종로구 대학로9길 35
1765213815,호호식당 익선,식사,일식당,서울 종로구 익선동 170-1
40560125,혼가츠 대학로점,식사,돈가스,서울 종로구 대명길 24 지하 1층 혼가츠
1214831336,홈보이서울,식사,아시아음식,서울 종로구 사직로 127-14 1층 홈보이서울
1350194654,홈브루하우스,술집,"맥주,호프",서울 종로구 북촌로5가길 24
31222671,홍익대학교 대학로 아트센터,놀거리,공연장,서울 종로구 대학로 57
1721828398,화산,술집,요리주점,서울 종로구 자하문로 13-1 2층
36276297,화양연화 본점,식사,태국음식,서울 종로구 계동길 73-1 지하1층
1860885785,화원,식사,중식당,서울 종로구 인사동8길 12 화원
1694678039,화화돈 대학로,식사,한식,서울 종로구 대학로11길 38-3 1층
1885645301,환희 혜화본점,식사,"스파게티,파스타전문",서울 종로구 대명1길 16-7 2층
11679429,황생가칼국수,식사,"칼국수,만두",서울 종로구 북촌로5길 78
1882699288,회포,술집,생선회,서울 종로구 새문안로5길 10 1층
34353048,효자동초밥,식사,"초밥,롤",서울 종로구 자하문로 14 효자동초밥
17898357,효자베이커리,카페,베이커리,서울 종로구 필운대로 54
676217924,후라토식당 경복궁 본점,식사,일식당,서울 종로구 새문안로5길 19 로얄빌딩 아케이드 B1 63호 후라토식당
1147194464,후와후와 광화문점,식사,일식당,서울 종로구 종로3길 17 D타워 5층
1136234891,희훈 동묘,술집,요리주점,서울 종로구 지봉로 13 2층
1699850010,히든아워,술집,와인,서울 종로구 종로32길 21 4층 히든아워 hidden hour
20339133,히말라야 종각점,식사,인도음식,서울 종로구 종로8길 5 2층
1426861995,히바린 광화문D타워점,식사,일식당,서울 종로구 종로3길 17 3층 308호
37690796,히바치광 본점,술집,이자카야,서울 종로구 진흥로 492 한성빌딩
1868073958,히어로보드게임카페 대학로점,놀거리,보드카페,서울 종로구 대학로10길 12 2층 히어로보드게임카페
1951206535,히츠지야 익선,술집,요리주점,서울 종로구 삼일대로30길 34-5 1층
38010668,히타토제면소,식사,"우동,소바",서울 종로구 옥인길 19 1층 102호
